{"XCHmin_value": 27.890700340270996, "XCHmax_value": 1587.6754455566406, "BTCmin_value": 198.17625045776367, "BTCmax_value": 67358.490234375, "USTmin_value": 0.006852749967947525, "USTmax_value": 1.037291020154953}